Participant,Chopped,Left Hand Grab,Left Hand Released,Right Hand Grab,Right Hand Released
C002,10,40,27,97,57
C004,8,38,25,23,12
C005,22,97,61,30,14
C010,14,35,23,74,43
C011,17,3,0,22,15
C014,20,41,30,88,73
C015,21,13,11,61,42
C018,24,69,25,71,36
C019,15,39,33,41,21
C023,18,19,14,80,48
C026,16,2,2,141,108
C027,15,21,13,84,61
C030,10,37,22,62,28
C031,18,0,0,86,45
